id,url,price,currency,status,brokerName,beds,baths,fullAddress,city,state,street,zipcode,latitude,longitude,image,photos,zestimate,rentZestimate,trueStatus,contingentListingType,daysOnZillow,parcelNumber,brokerPhoneNumber,agentName,agentPhoneNumber,agentEmail,agentOtherEmails,homeType,yearBuilt,area,lotArea,lotAreaUnits,description,schools,priceHistory
30661827,https://www.zillow.com/homedetails/515-E-40th-St-Brooklyn-NY-11203/30661827_zpid/,669000,USD,FOR_SALE,Century 21 Achievers,3,2,515 E 40th St,Brooklyn,NY,515 E 40th St,11203,40.643036,-73.9389,https://photos.zillowstatic.com/fp/093d9475e66ab0586efd8d569311a938-p_h.jpg,"https://photos.zillowstatic.com/fp/093d9475e66ab0586efd8d569311a938-uncropped_scaled_within_1536_1152.jpg, https://photos.zillowstatic.com/fp/9c6c1095933a91b54742c76988d16193-uncropped_scaled_within_1536_1152.jpg, https://photos.zillowstatic.com/fp/d9a81633a758c33367029e76c629b2d7-uncropped_scaled_within_1536_1152.jpg, https://photos.zillowstatic.com/fp/684fa5348566185f29eea9b7daa7ea8b-uncropped_scaled_within_1536_1152.jpg, https://photos.zillowstatic.com/fp/54aad3b85c633e4d89654360a28d9fb8-uncropped_scaled_within_1536_1152.jpg, https://photos.zillowstatic.com/fp/8aa1c5340104d3e9f83e425471644094-uncropped_scaled_within_1536_1152.jpg, https://photos.zillowstatic.com/fp/e9c0a2d6a22662e94b815f2d211831fe-uncropped_scaled_within_1536_1152.jpg, https://photos.zillowstatic.com/fp/adb339b7dd396bd6461e99526ad68847-uncropped_scaled_within_1536_1152.jpg, https://photos.zillowstatic.com/fp/c01450f0e1f2aec15f84c97b611e9068-uncropped_scaled_within_1536_1152.jpg, https://photos.zillowstatic.com/fp/2ed522c865ff6f50b9dc09c0efd50c37-uncropped_scaled_within_1536_1152.jpg, https://photos.zillowstatic.com/fp/b507d7d20234b092486cc4c04eb8dca7-uncropped_scaled_within_1536_1152.jpg, https://photos.zillowstatic.com/fp/e6d4b57209e62e2914e96fd3e9df06a1-uncropped_scaled_within_1536_1152.jpg",653100,3963,,,,49570072,718-758-0600,Andre Hanniford,718-290-3434,fammsunny@aol.com,,SINGLE_FAMILY,1920,1264,2000,Square Feet,"This beautiful East Flatbush one family home. This home is a semi-attached 3-bedroom duplex with a full finished basement (w/ a separate entrance). The home boasts a fully fenced backyard with utility shed, a new boiler and water heater, active solar panels attached to the roof, lots of windows for natural light and tons of closet space. Close to plenty shops, parks and public transportation. WONT LAST!!",,
30763622,https://www.zillow.com/homedetails/1276-E-59th-St-Brooklyn-NY-11234/30763622_zpid/,819000,USD,FOR_SALE,Keystone Realty USA Corp,4,3,1276 E 59th Street,Brooklyn,NY,1276 E 59th Street,11234,40.622257,-73.9188,https://photos.zillowstatic.com/fp/1f2626a5be3ba6c71bc423d50e7e3693-p_h.jpg,"https://photos.zillowstatic.com/fp/1f2626a5be3ba6c71bc423d50e7e3693-uncropped_scaled_within_1536_1152.jpg, https://photos.zillowstatic.com/fp/cda33c2ea249bd876ebc49320c1631f8-uncropped_scaled_within_1536_1152.jpg, https://photos.zillowstatic.com/fp/8c5cb67ad3b50dc61ad4350284471c0a-uncropped_scaled_within_1536_1152.jpg, https://photos.zillowstatic.com/fp/fa5f180361f1d631a84cc163df0b458a-uncropped_scaled_within_1536_1152.jpg, https://photos.zillowstatic.com/fp/8c9b956d7eee84f1e40fbefe37dc858a-uncropped_scaled_within_1536_1152.jpg, https://photos.zillowstatic.com/fp/15e07dc39b57d56c938338325e7b7ea6-uncropped_scaled_within_1536_1152.jpg, https://photos.zillowstatic.com/fp/3a6698919191f915beef96516eef9052-uncropped_scaled_within_1536_1152.jpg, https://photos.zillowstatic.com/fp/2253cce1e252b4519d16c1d3d21a4001-uncropped_scaled_within_1536_1152.jpg, https://photos.zillowstatic.com/fp/5c25b725ed344dc316847c28351a99d7-uncropped_scaled_within_1536_1152.jpg, https://photos.zillowstatic.com/fp/f4c602674a805f4e08368d32a7629491-uncropped_scaled_within_1536_1152.jpg, https://photos.zillowstatic.com/fp/3a377cb6251ad6145ef43768ef7e80dd-uncropped_scaled_within_1536_1152.jpg, https://photos.zillowstatic.com/fp/89b9232f8de48d85df9621ea502a3149-uncropped_scaled_within_1536_1152.jpg, https://photos.zillowstatic.com/fp/0714be277219450e639af3110c51fdf7-uncropped_scaled_within_1536_1152.jpg, https://photos.zillowstatic.com/fp/f56e12c6751194fae31856b53dfe6e47-uncropped_scaled_within_1536_1152.jpg, https://photos.zillowstatic.com/fp/fed81188532da25fd1921da135c6d0f2-uncropped_scaled_within_1536_1152.jpg",,,,,,78560076,631-261-2800,Gabriel Kashi,347-419-5268,gabriel@ksrealtyny,gabriel@ksrealtyny.com,SINGLE_FAMILY,1925,1260,2200,Square Feet,"Situated on a quiet, tree lined, residential street of the Flatlands/ Bergen beach border, 1276 East 59 street is meticulously renovated move in ready single family that will captivate you from the moment you arrive with its warm & welcoming energy. Sitting on a 22x100 lot featuring a wide private driveway that can fit multiple cars, and a spacious rear yard to enjoy outdoor gatherings. This turn key, move in ready single family is the perfect opportunity for buyers looking for space. 
 
 Open the door and enter an expansive sun drenched, modern open concept living/dining area which provides great space for entertaining. The chefs granite kitchen is equipped with floor to ceiling cabinetry, adorned with a full fleet of stainless steel appliances & Island for bar stool seating. Spacious bedroom & full bath on first floor as well.
 Up a flight of stairs 3 well proportioned bedrooms awaits you. The elegant primary suite is equipped with a private en suite. Down the hall a fully tiled bathroom is adorned with state of the art wall & floor tiles. 
 
 The high ceiling full finished basement serves as the perfect in-law suite, media den, home office, storage space or additional recreational space. 
 
 Renovations include brand new select wide oak wood flooring, recessed lighting, brand new electrical, heating, plumbing, energy saving Split unit A/C Systems throughout. 
 
 Located with close proximity to major transportation, schools, shopping centers, restaurants, cafes, parks and many other vibrant neighborhood amenities. Just off Ralph Avenue, Veterans Avenue, Utica avenue, Flatbush Avenue.",,
30662966,https://www.zillow.com/homedetails/4613-Foster-Ave-Brooklyn-NY-11203/30662966_zpid/,780000,USD,FOR_SALE,EXP Realty,3,2,"4613 Foster Avenue, Brooklyn Brooklyn NY 11203",Brooklyn,NY,4613 Foster Avenue,11203,40.639828,-73.9325,https://photos.zillowstatic.com/fp/c0539c3ff3816155ebc09a7153ba0f15-p_h.jpg,"https://photos.zillowstatic.com/fp/c0539c3ff3816155ebc09a7153ba0f15-cc_ft_1536.jpg, https://photos.zillowstatic.com/fp/4dcebea0f86fad890124fcd3773b266d-cc_ft_1536.jpg, https://photos.zillowstatic.com/fp/a4ae9ba015e21ff388228b7424a0dcbb-cc_ft_1536.jpg, https://photos.zillowstatic.com/fp/5ca3425fc525ae2d551c5326d1878909-cc_ft_1536.jpg, https://photos.zillowstatic.com/fp/6a6f3a93cb2487cb9fa1c9c80280bbda-cc_ft_1536.jpg, https://photos.zillowstatic.com/fp/7dca2ea72cb131ecba9705aab70af1d0-cc_ft_1536.jpg, https://photos.zillowstatic.com/fp/2b413402c93747d42080036e215d252e-cc_ft_1536.jpg, https://photos.zillowstatic.com/fp/a37713ad83eea6cad0b10d3cfa3584f6-cc_ft_1536.jpg, https://photos.zillowstatic.com/fp/284853833cc5671b135bbc4f6634f0fb-cc_ft_1536.jpg, https://photos.zillowstatic.com/fp/1817aa39e7f5acfc4559f3b8a3c7992c-cc_ft_1536.jpg, https://photos.zillowstatic.com/fp/ca50a46240100bd989ffca2a4a665b85-cc_ft_1536.jpg, https://photos.zillowstatic.com/fp/4498949497260d687b2972c89947c182-cc_ft_1536.jpg, https://photos.zillowstatic.com/fp/48a5cb3b51addd330b61fcafa5229076-cc_ft_1536.jpg, https://photos.zillowstatic.com/fp/b292c0dabc03609993aa33beabe6978b-cc_ft_1536.jpg, https://photos.zillowstatic.com/fp/2ac4b9ca20c9dc7713c2414f62e7ccc1-cc_ft_1536.jpg, https://photos.zillowstatic.com/fp/a815d58bea26c881890d0896726b160b-cc_ft_1536.jpg, https://photos.zillowstatic.com/fp/44bbc404c2395ae0043142f5ce662ca6-cc_ft_1536.jpg, https://photos.zillowstatic.com/fp/406ca09206eec82ad4cb92ef23e1180f-cc_ft_1536.jpg, https://photos.zillowstatic.com/fp/3cb045c1f471dbc0842677b671e7a7e5-cc_ft_1536.jpg, https://photos.zillowstatic.com/fp/1742ccb443b7f5220b3d8f443931a491-cc_ft_1536.jpg, https://photos.zillowstatic.com/fp/da124e3899967af82c3aebe23d69b42f-cc_ft_1536.jpg, https://photos.zillowstatic.com/fp/2921eb85b92150f9e14eca67999e0eb1-cc_ft_1536.jpg, https://photos.zillowstatic.com/fp/a38acff5879132cc1e8510db516e4786-cc_ft_1536.jpg, https://photos.zillowstatic.com/fp/fc7eeb3f99f967aa532f280879f15506-cc_ft_1536.jpg, https://photos.zillowstatic.com/fp/126f2bc5ca721d1ea3bbaea7b7a126a5-cc_ft_1536.jpg, https://photos.zillowstatic.com/fp/41aa3efa5193982b6048f9e48ae947fd-cc_ft_1536.jpg, https://photos.zillowstatic.com/fp/daee1af65f2091081bbc33d59c7b5229-cc_ft_1536.jpg, https://photos.zillowstatic.com/fp/cc7e14bc0517807f139857382456c3c0-cc_ft_1536.jpg, https://photos.zillowstatic.com/fp/b2baedfed878c760a874f9a80176e037-cc_ft_1536.jpg, https://photos.zillowstatic.com/fp/c37a94efad0d8355c0229834b420a143-cc_ft_1536.jpg, https://photos.zillowstatic.com/fp/6c822af8ee4945e71517153233d5328e-cc_ft_1536.jpg, https://photos.zillowstatic.com/fp/282adabc78b602cbc68ff97157dae7e5-cc_ft_1536.jpg, https://photos.zillowstatic.com/fp/b5feb211af0a84c73029efd6faa168d0-cc_ft_1536.jpg",,,,,,49800044,888-276-0630,Gregory H. Taylor,917-805-5411,greg@teamtaylorinc.com,,SINGLE_FAMILY,1930,1344,2000,Square Feet,"Welcome to this charming single-family home in the heart of Brooklyn! This spacious residence features a bright living room, a formal dining room perfect for entertaining, and a large eat-in kitchen equipped with brand new stainless steel appliances. Offering 3 generously sized bedrooms, 2 full bathrooms, and a dedicated home office, this home provides comfort and flexibility for any lifestyle. The fully finished basement adds valuable living or recreation space. Enjoy outdoor gatherings in the private backyard and the convenience of your own driveway parking. Ideally located near public transportation, schools, and shopping—this is the perfect place to call home!",,
30794288,https://www.zillow.com/homedetails/87-Bartlett-Pl-Brooklyn-NY-11229/30794288_zpid/,699000,USD,FOR_SALE,Tracey Real Estate,1,1,87 Bartlett Pl,Brooklyn,NY,87 Bartlett Pl,11229,40.590534,-73.9246,https://photos.zillowstatic.com/fp/f3bc7767a4ede345d773cbdb235d3b4a-p_h.jpg,"https://photos.zillowstatic.com/fp/f3bc7767a4ede345d773cbdb235d3b4a-uncropped_scaled_within_1536_1152.jpg, https://photos.zillowstatic.com/fp/ab0c4c37e9225f96c1c620633a9d38bb-uncropped_scaled_within_1536_1152.jpg, https://photos.zillowstatic.com/fp/024722a23121025c28b0a6284e839023-uncropped_scaled_within_1536_1152.jpg, https://photos.zillowstatic.com/fp/2952aef6bddc795b0fe0b9cc8217f4ad-uncropped_scaled_within_1536_1152.jpg, https://photos.zillowstatic.com/fp/2b9b3bdd4985fcf729ffb6f28c4d72aa-uncropped_scaled_within_1536_1152.jpg, https://photos.zillowstatic.com/fp/2484fb38c304420342a960bb74a9c36e-uncropped_scaled_within_1536_1152.jpg, https://photos.zillowstatic.com/fp/a548277aac97609b0718fbd8a268d16d-uncropped_scaled_within_1536_1152.jpg, https://photos.zillowstatic.com/fp/5edac13bc6eca8759441b6e5d3457472-uncropped_scaled_within_1536_1152.jpg, https://photos.zillowstatic.com/fp/70eb736e2bab9b6f6e3d4156ee43c78f-uncropped_scaled_within_1536_1152.jpg, https://photos.zillowstatic.com/fp/5019a21528d01f0b7b272f41fb95f50e-uncropped_scaled_within_1536_1152.jpg, https://photos.zillowstatic.com/fp/5d9d058bfbaea2a90d85194164be9c50-uncropped_scaled_within_1536_1152.jpg, https://photos.zillowstatic.com/fp/438dc8fb77f0562de05367c0270dcb48-uncropped_scaled_within_1536_1152.jpg, https://photos.zillowstatic.com/fp/a7d8aa5ec692d13239eb88b0d8fd612d-uncropped_scaled_within_1536_1152.jpg, https://photos.zillowstatic.com/fp/159c0655df8776f2da676aa2ff450fc1-uncropped_scaled_within_1536_1152.jpg, https://photos.zillowstatic.com/fp/7ad6f4f54a8c0d0b79a4e623a700c1e1-uncropped_scaled_within_1536_1152.jpg, https://photos.zillowstatic.com/fp/832975b07f605359f851a171f4c8518f-uncropped_scaled_within_1536_1152.jpg, https://photos.zillowstatic.com/fp/83192e2a7caae28f6aba7ebdc04a17ef-uncropped_scaled_within_1536_1152.jpg, https://photos.zillowstatic.com/fp/0e968e2a7c25450f4c4fd459c75555c0-uncropped_scaled_within_1536_1152.jpg, https://photos.zillowstatic.com/fp/42bfba162bc9097e9adbca781278becf-uncropped_scaled_within_1536_1152.jpg, https://photos.zillowstatic.com/fp/4c2374a6674a27c354a23fbd9a522fd9-uncropped_scaled_within_1536_1152.jpg",675900,3106,,,,89230895,718-376-4994,Robert Tracey,(718) 376-4994,traceyre1@aol.com,,SINGLE_FAMILY,1920,1332,1679,Square Feet,"Gerritsen Beach! WATERFRONT! This well-maintained home was raised only a few short years ago! Situated on the canal, there are 2 boast slips, newer piles and bulkhead. The rear deck is tremendous and great for summer entertaining. From the lower deck you come up to a smaller deck that overlooks the entire canal. This smaller deck lets you enter into the homes' formal dining area, then to a full kitchen with laundry area, a 3/4 bath, large living room with vaulted ceilings and a den. The primary bedroom is on the second floor with a large walk-in closet and spectacular views. All with a loft like setting. Don't miss this opportunity to own a great waterfront property.",,
30781314,https://www.zillow.com/homedetails/1465-E-64th-St-Brooklyn-NY-11234/30781314_zpid/,749000,USD,FOR_SALE,Calemine & Co. Real Estate,3,2,1465 E 64th St,Brooklyn,NY,1465 E 64th St,11234,40.61852,-73.9144,https://photos.zillowstatic.com/fp/088f26a6f2ee68906c09a6b9394cf44f-p_h.jpg,"https://photos.zillowstatic.com/fp/088f26a6f2ee68906c09a6b9394cf44f-uncropped_scaled_within_1536_1152.jpg, https://photos.zillowstatic.com/fp/310d2cebf65b4f785899b08b739022d8-uncropped_scaled_within_1536_1152.jpg, https://photos.zillowstatic.com/fp/c418aaf18c0e9b83d3124942f5cf945f-uncropped_scaled_within_1536_1152.jpg, https://photos.zillowstatic.com/fp/6a7a4ca958bbcbd7ea16613a936ea0a8-uncropped_scaled_within_1536_1152.jpg, https://photos.zillowstatic.com/fp/29e60ce373c04bc4b9b13c8d83214c49-uncropped_scaled_within_1536_1152.jpg, https://photos.zillowstatic.com/fp/884b7c6afcf2223c45c4c79c6273ce9d-uncropped_scaled_within_1536_1152.jpg, https://photos.zillowstatic.com/fp/0123d98180c0765e3398e607484a793d-uncropped_scaled_within_1536_1152.jpg, https://photos.zillowstatic.com/fp/83cdf667b7abd63491d63628f8ced088-uncropped_scaled_within_1536_1152.jpg, https://photos.zillowstatic.com/fp/8c32513a059e353f6bab11f035abc55f-uncropped_scaled_within_1536_1152.jpg, https://photos.zillowstatic.com/fp/c77a9d6555c62b5847121c4f104cf2b7-uncropped_scaled_within_1536_1152.jpg, https://photos.zillowstatic.com/fp/2de153e909eccfb5bb2d3dbb21231130-uncropped_scaled_within_1536_1152.jpg, https://photos.zillowstatic.com/fp/10b4d97b583e43ea06c8497e8ce5b5b0-uncropped_scaled_within_1536_1152.jpg, https://photos.zillowstatic.com/fp/4366592fab6b4c6137058111aad656df-uncropped_scaled_within_1536_1152.jpg, https://photos.zillowstatic.com/fp/88d4b9409cef751ee2aa89f8f2b45e62-uncropped_scaled_within_1536_1152.jpg, https://photos.zillowstatic.com/fp/3d75ca930eba7ef238e9e161b6ac3f9a-uncropped_scaled_within_1536_1152.jpg, https://photos.zillowstatic.com/fp/3aa6665fabc970d06a3f216b9b8aac4c-uncropped_scaled_within_1536_1152.jpg, https://photos.zillowstatic.com/fp/bfe4344d1d55dbd859f601a52f4d29cd-uncropped_scaled_within_1536_1152.jpg, https://photos.zillowstatic.com/fp/5d854c0a97f7667fd7ea724d9207cb82-uncropped_scaled_within_1536_1152.jpg, https://photos.zillowstatic.com/fp/0255e5f036c21c60d9cf94feb10901f6-uncropped_scaled_within_1536_1152.jpg, https://photos.zillowstatic.com/fp/d7675da05c1672744d15edd6913af4bf-uncropped_scaled_within_1536_1152.jpg, https://photos.zillowstatic.com/fp/5b2bc494c167526d8f8a147c99bef69a-uncropped_scaled_within_1536_1152.jpg, https://photos.zillowstatic.com/fp/3199c15034f1b32a52d6989b26bbf311-uncropped_scaled_within_1536_1152.jpg, https://photos.zillowstatic.com/fp/3ab44e484d29f140acca3efa5c04ad4d-uncropped_scaled_within_1536_1152.jpg, https://photos.zillowstatic.com/fp/e132b7a34bc5d1821cd3001b77253999-uncropped_scaled_within_1536_1152.jpg, https://photos.zillowstatic.com/fp/5272e6806d447d3aa0e0373ae75e4b67-uncropped_scaled_within_1536_1152.jpg",702600,3071,Active,,,83860012,718-998-1100,Louis Calemine,718-998-1100,,,SINGLE_FAMILY,1920,1758,,sqft,"Mill Basin- Semi-Detached, spacious 3 bedroom home with a private parking pad out front, and a brand new pool with surrounding deck in the backyard. This clean, move-in-ready home has been very well-maintained and measures 16’ wide offering the new homeowner spacious, worry-free comfort for many years ahead. Some of the standout features include an open floor plan main level, and a full, finished basement with separate entrance, high ceilings, full bath and summer kitchen downstairs. Upstairs there are 3 nice sized bedrooms (all with closets) and a stylish brand new full bathroom. Notable other big ticket items that have been replaced over the last few years include new windows all around, as well as a new roof, hot water heater and gas-fired boiler. This home sits on a quiet, low-traffic side street, yet it’s within a short walk to all of the excellent schools, parks, dining and shopping options that this desirable suburban neighborhood has to offer. Listed Exclusively with Calemine & Co. Real Estate. Call us directly with any questions or to learn about the upcoming showing schedule. Listing status updated daily.",,
30793753,https://www.zillow.com/homedetails/18-Gotham-Ave-Brooklyn-NY-11229/30793753_zpid/,699000,USD,FOR_SALE,COZY CORNER REALTY LLC,2,2,18 Gotham Ave,Brooklyn,NY,18 Gotham Ave,11229,40.589317,-73.9277,https://photos.zillowstatic.com/fp/e755536eada08478573a06f45c2ddc1f-p_h.jpg,"https://photos.zillowstatic.com/fp/e755536eada08478573a06f45c2ddc1f-uncropped_scaled_within_1536_1152.jpg, https://photos.zillowstatic.com/fp/673cfae0736201063130a49671f2c40c-uncropped_scaled_within_1536_1152.jpg, https://photos.zillowstatic.com/fp/19afcd3cc8cfb14d6edfdc3c8b5a9162-uncropped_scaled_within_1536_1152.jpg, https://photos.zillowstatic.com/fp/b6882e1652a724940647f33d07313d03-uncropped_scaled_within_1536_1152.jpg, https://photos.zillowstatic.com/fp/fa664fbb9e24ac14d602dbd599a7f4cc-uncropped_scaled_within_1536_1152.jpg, https://photos.zillowstatic.com/fp/1e25d2f1b3e44ba3e895dec20c06be29-uncropped_scaled_within_1536_1152.jpg, https://photos.zillowstatic.com/fp/f9ca83517cbf38202cc7433c1cf9de2b-uncropped_scaled_within_1536_1152.jpg, https://photos.zillowstatic.com/fp/2e1a40f4f29140c77535f66c5e52f1e2-uncropped_scaled_within_1536_1152.jpg, https://photos.zillowstatic.com/fp/98c96246ae9efc8e5168d917d7c1caea-uncropped_scaled_within_1536_1152.jpg, https://photos.zillowstatic.com/fp/4e7185b247d06fe2b56d5536381a18fc-uncropped_scaled_within_1536_1152.jpg, https://photos.zillowstatic.com/fp/7f452ac53206275da3b4923ab7f13707-uncropped_scaled_within_1536_1152.jpg, https://photos.zillowstatic.com/fp/290d9ca5593183e32c0c251677f2b69f-uncropped_scaled_within_1536_1152.jpg, https://photos.zillowstatic.com/fp/d3186b117a3a3552de0ee000d326347e-uncropped_scaled_within_1536_1152.jpg, https://photos.zillowstatic.com/fp/5d3ff6d9408ebd7a481ea9fdf799aec3-uncropped_scaled_within_1536_1152.jpg, https://photos.zillowstatic.com/fp/a218a9953d12376658f95e768d309e30-uncropped_scaled_within_1536_1152.jpg, https://photos.zillowstatic.com/fp/56d49a4ab5c342c53a9b6021bce75e1a-uncropped_scaled_within_1536_1152.jpg, https://photos.zillowstatic.com/fp/1b828a441aaccb9b555bb3aad43f1f1b-uncropped_scaled_within_1536_1152.jpg, https://photos.zillowstatic.com/fp/5e046e57ee9601e0a191d9882f1a1b68-uncropped_scaled_within_1536_1152.jpg, https://photos.zillowstatic.com/fp/27bd0b4bc2deb637eb6fcdce6b7c91ea-uncropped_scaled_within_1536_1152.jpg, https://photos.zillowstatic.com/fp/bc6f4c1b0f9da98fa3702d379dc005b8-uncropped_scaled_within_1536_1152.jpg, https://photos.zillowstatic.com/fp/3795b70d84da129d4a833b0fe876dcd6-uncropped_scaled_within_1536_1152.jpg, https://photos.zillowstatic.com/fp/1a3c5ea429abc38c7ffba3fcbc52c6d6-uncropped_scaled_within_1536_1152.jpg, https://photos.zillowstatic.com/fp/d8116a8fe76e7d3a6d7474b86fe35f0d-uncropped_scaled_within_1536_1152.jpg, https://photos.zillowstatic.com/fp/31c2cf2e9ed92e49bf3f133f84ac8930-uncropped_scaled_within_1536_1152.jpg, https://photos.zillowstatic.com/fp/ecb8f6e50a44d9049c16ee13cb6ec9e8-uncropped_scaled_within_1536_1152.jpg, https://photos.zillowstatic.com/fp/0d30ab4bcee4d9208223d643b2db0f0d-uncropped_scaled_within_1536_1152.jpg, https://photos.zillowstatic.com/fp/bf3725eb59a641f840c33155a6e81f67-uncropped_scaled_within_1536_1152.jpg, https://photos.zillowstatic.com/fp/12c7b5c10e08ddaa823e293de5f42dc7-uncropped_scaled_within_1536_1152.jpg, https://photos.zillowstatic.com/fp/0fb447718af74c2e76e960a0f2983130-uncropped_scaled_within_1536_1152.jpg, https://photos.zillowstatic.com/fp/175e772d0a5f1870fbf6a6737d412c4a-uncropped_scaled_within_1536_1152.jpg, https://photos.zillowstatic.com/fp/b13677e9d854d94f81a38a0d4ee8e3e8-uncropped_scaled_within_1536_1152.jpg",675200,3144,,,1,88830973,917-923-4038,Lorraine Digregorio,917-923-4038,lorraine.digregorio@aol.com,est810@aol.com,SINGLE_FAMILY,1920,952,1680,Square Feet,"Great Gerritsen Beach Property Available now - true waterfront property in Gerritsen Beach. This 2-bedroom, 1.5-bath single-family home,approx. 952 sqft, sits directly on Gerritsen Creek and features a floating dock, two boat slips, and a double-deck. Ideal for boating, relaxing, BBQs, family time. This house has 2 bedrooms, 1.5 baths, big beautiful eat-in kitchen overlooking the back deck, looking onto Gerritsen Creek. There is a big basement with 2 separate outside entrances. The entire house atmosphere is very relaxing and comfortable. Close by is Marine Park, the Brooklyn Public Library. Montessori Minds preschool, kiddie beach. Nearby is Clemente's across the creek and Tamaqua Beach Bar, Victoria's Pizza and near Emmons Avenue and the UA Theatre. The bus runs up and down Gerritsen Avenue for easy transportation. The Belt Parkway is 5 minutes away. Lot size: 24x70 / Building size: 14x34 Please see the attached video, along with the pictures, to enjoy what is offered in this house. On Zillow, please see Facts & Features, click on Show More and you will see the video tour. On Trulia, please scroll to see all home details for 18 Gotham Ave, click on See All to access virtual tour.",,
4.55E+08,https://www.zillow.com/homedetails/518-E-40th-St-1-Brooklyn-NY-11203/454873742_zpid/,698000,USD,FOR_SALE,Jabour Realty Company,3,1,518 E 40th St #1,Brooklyn,NY,518 E 40th St #1,11203,40.642944,-73.9394,https://photos.zillowstatic.com/fp/9e3fdf375e9f07455c4ae5b830505d68-p_h.jpg,"https://photos.zillowstatic.com/fp/9e3fdf375e9f07455c4ae5b830505d68-uncropped_scaled_within_1536_1152.jpg, https://photos.zillowstatic.com/fp/a57f94a32702dea8b0fc9d05d9a46207-uncropped_scaled_within_1536_1152.jpg, https://photos.zillowstatic.com/fp/8a18da3019ae4ab85233372bb658e4bf-uncropped_scaled_within_1536_1152.jpg, https://photos.zillowstatic.com/fp/856946318e4f06ba1dddfd694ccba214-uncropped_scaled_within_1536_1152.jpg",,,Active,,1,,917-337-3329,Peter Asmar,917-337-3329,petera@jabourrealty.com,,SINGLE_FAMILY,1920,1280,,sqft,"Welcome to 518 East 40th Street, a classic Brooklyn gem nestled in the heart of East Flatbush. This solidly built single-family home offers 3 spacious bedrooms, 1 full bathroom, and an unfinished basement – all brimming with opportunity for customization and personal touch. Step inside and discover the charm of traditional layout and natural light throughout. The living and dining areas provide a warm, inviting atmosphere, perfect for gatherings or quiet evenings at home. Upstairs, three generously sized bedrooms offer comfortable living space for family or guests. The home features oil heat, a shared driveway, and a detached garage – a rare find in this neighborhood. While the property does need some TLC, it’s a fantastic canvas for investors, first-time buyers, or anyone ready to create their dream home. Situated in a vibrant, well-established East Flatbush community, 518 East 40th Street is close to schools, parks, shopping, and public transportation. Enjoy easy access to the B46 and B8 buses, as well as nearby subway lines that connect you to downtown Brooklyn and Manhattan. Local amenities, cultural institutions, and healthcare centers like SUNY Downstate Medical Center are just minutes away. Don't miss your chance to own a piece of Brooklyn real estate with incredible potential. Schedule your private showing today!",,
4.55E+08,https://www.zillow.com/homedetails/18-Gotham-Ave-1-Brooklyn-NY-11229/454873744_zpid/,699000,USD,FOR_SALE,Cozy Corner Realty LLC,2,2,18 Gotham Ave #1,Brooklyn,NY,18 Gotham Ave #1,11229,40.5893,-73.9277,https://photos.zillowstatic.com/fp/f50525e29b176c472df133199a669ea8-p_h.jpg,"https://photos.zillowstatic.com/fp/f50525e29b176c472df133199a669ea8-uncropped_scaled_within_1536_1152.jpg, https://photos.zillowstatic.com/fp/64f4df6aa64375c12fee0b0bd1ad0ac3-uncropped_scaled_within_1536_1152.jpg, https://photos.zillowstatic.com/fp/51588f305add5c27b34c2cf579b89ab1-uncropped_scaled_within_1536_1152.jpg, https://photos.zillowstatic.com/fp/b8f2f65cdd7eb444d61e465488e18e77-uncropped_scaled_within_1536_1152.jpg, https://photos.zillowstatic.com/fp/779bb0ea615734ccf535e1e095441e40-uncropped_scaled_within_1536_1152.jpg, https://photos.zillowstatic.com/fp/46bddf938b59578b297685ab022b57dd-uncropped_scaled_within_1536_1152.jpg, https://photos.zillowstatic.com/fp/33ac7800d13427182971c8af6c962b26-uncropped_scaled_within_1536_1152.jpg, https://photos.zillowstatic.com/fp/b22e40304c741486cff328c42f83ca46-uncropped_scaled_within_1536_1152.jpg, https://photos.zillowstatic.com/fp/e3c9a1e80b64e08e6c25f609407ae1eb-uncropped_scaled_within_1536_1152.jpg, https://photos.zillowstatic.com/fp/84457cafaa5710d2437d3bd2a5e16171-uncropped_scaled_within_1536_1152.jpg, https://photos.zillowstatic.com/fp/4c098a13754501866ce204f0a90cc32a-uncropped_scaled_within_1536_1152.jpg, https://photos.zillowstatic.com/fp/4df09f3a8cb0900414b64198a391f94a-uncropped_scaled_within_1536_1152.jpg, https://photos.zillowstatic.com/fp/5f064641dfe0aeed09e1483226818494-uncropped_scaled_within_1536_1152.jpg, https://photos.zillowstatic.com/fp/632b8a47818a4ffa192b4be83e2d663e-uncropped_scaled_within_1536_1152.jpg, https://photos.zillowstatic.com/fp/67db256555b0721490491a246f135e81-uncropped_scaled_within_1536_1152.jpg, https://photos.zillowstatic.com/fp/d76118bfd31cdd9cd400e94141645090-uncropped_scaled_within_1536_1152.jpg, https://photos.zillowstatic.com/fp/c8f992c36410ce75167a66d24aa38140-uncropped_scaled_within_1536_1152.jpg, https://photos.zillowstatic.com/fp/8fb5d26770c867e3945f311ad09617f2-uncropped_scaled_within_1536_1152.jpg, https://photos.zillowstatic.com/fp/1787c1f62ee00ea83adb528fa3fbdaff-uncropped_scaled_within_1536_1152.jpg, https://photos.zillowstatic.com/fp/773590080b9feececc7a2b797408c778-uncropped_scaled_within_1536_1152.jpg, https://photos.zillowstatic.com/fp/ce42a8e9a37a7a230791fdcbc93aca62-uncropped_scaled_within_1536_1152.jpg, https://photos.zillowstatic.com/fp/4ac0fb9d85415afdf33f7e9a9fa4b62c-uncropped_scaled_within_1536_1152.jpg, https://photos.zillowstatic.com/fp/94bd9fe96dbe30e37b8521fedde14702-uncropped_scaled_within_1536_1152.jpg, https://photos.zillowstatic.com/fp/5340e31e6dea8c4652b6cd4ac4eb0f71-uncropped_scaled_within_1536_1152.jpg, https://photos.zillowstatic.com/fp/872e201a2e9e9a90ff741573ab3749e4-uncropped_scaled_within_1536_1152.jpg, https://photos.zillowstatic.com/fp/4a360f224b9e1ef202fd39be132a84b7-uncropped_scaled_within_1536_1152.jpg, https://photos.zillowstatic.com/fp/59cd7d4730a200041c7af5bcfdb014e6-uncropped_scaled_within_1536_1152.jpg, https://photos.zillowstatic.com/fp/8ceb553352fcf392e64edcfe132a27f4-uncropped_scaled_within_1536_1152.jpg, https://photos.zillowstatic.com/fp/1c5423b70a6936d1a4b3ffea137aa669-uncropped_scaled_within_1536_1152.jpg, https://photos.zillowstatic.com/fp/993d2e3bf4250281d61191d40bdfedd0-uncropped_scaled_within_1536_1152.jpg, https://photos.zillowstatic.com/fp/6dc009908f26c31e857f6abacfe7becc-uncropped_scaled_within_1536_1152.jpg",,,Active,,1,,917-923-4038,Lorraine Digregorio,917-923-4038,lorraine.digregorio@aol.com,est810@aol.com,SINGLE_FAMILY,1920,952,,sqft,"Great Gerritsen Beach Property
 Available now - true waterfront property in Gerritsen Beach. This 2-bedroom, 1.5-bath single-family home,approx. 952 sqft, sits directly on Gerritsen Creek and features a floating dock, two boat slips, and a double-deck. Ideal for boating, relaxing, BBQs, family time. This house has 2 bedrooms, 1.5 baths, big beautiful eat-in kitchen overlooking the back deck, looking onto Gerritsen Creek. There is a big basement with 2 separate outside entrances. The entire house atmosphere is very relaxing and comfortable. Close by is Marine Park, the Brooklyn Public Library. Montessori Minds preschool, kiddie beach. Nearby is Clemente's across the creek and Tamaqua Beach Bar, Victoria's Pizza and near Emmons Avenue and the UA Theatre. The bus runs up and down Gerritsen Avenue for easy transportation. The Belt Parkway is 5 minutes away. Lot size: 24x70 / Building size: 14x34 Please see the attached video, along with the pictures, to enjoy what is offered in this house.
 On Zillow, please see Facts & Features, click on Show More and you will see the video tour.
 On Trulia, please scroll to see all home details for 18 Gotham Ave, click on See All to access virtual tour.",,
4.55E+08,https://www.zillow.com/homedetails/1448-E-53rd-St-1-Brooklyn-NY-11234/454686773_zpid/,765000,USD,FOR_SALE,Bergen Basin Real Estate,3,2,1448 E 53rd St #1,Brooklyn,NY,1448 E 53rd St #1,11234,40.623188,-73.9247,https://photos.zillowstatic.com/fp/8566bd6da0c215c71e8d31d7d85fee4e-p_h.jpg,"https://photos.zillowstatic.com/fp/8566bd6da0c215c71e8d31d7d85fee4e-uncropped_scaled_within_1536_1152.jpg, https://photos.zillowstatic.com/fp/75ac2f15c6dd68921e6348613777cac4-uncropped_scaled_within_1536_1152.jpg, https://photos.zillowstatic.com/fp/e253f3ee7785ac562ad712eab4a9a903-uncropped_scaled_within_1536_1152.jpg, https://photos.zillowstatic.com/fp/bc0d9fcd1e4e70d3a7ace0f735548337-uncropped_scaled_within_1536_1152.jpg, https://photos.zillowstatic.com/fp/4e21949057ef3b65e4358bab4c5536e2-uncropped_scaled_within_1536_1152.jpg, https://photos.zillowstatic.com/fp/d8f3321c10250a70205f14c05c55c7e8-uncropped_scaled_within_1536_1152.jpg, https://photos.zillowstatic.com/fp/d74338e4e19d2045f9a403ffaaa4da04-uncropped_scaled_within_1536_1152.jpg, https://photos.zillowstatic.com/fp/8014964620f3a0cbbece12d70b650155-uncropped_scaled_within_1536_1152.jpg, https://photos.zillowstatic.com/fp/a22e6d52611174e2eb8f98afeb29ed95-uncropped_scaled_within_1536_1152.jpg, https://photos.zillowstatic.com/fp/67a58c04c9a90f130231e2b9f574264d-uncropped_scaled_within_1536_1152.jpg, https://photos.zillowstatic.com/fp/9cb5dc888d5237db41b74959d116f8a8-uncropped_scaled_within_1536_1152.jpg, https://photos.zillowstatic.com/fp/19f59747074eb618bd037556d8eb30c1-uncropped_scaled_within_1536_1152.jpg, https://photos.zillowstatic.com/fp/bb229d60e455556aff35332f5ceb8b86-uncropped_scaled_within_1536_1152.jpg, https://photos.zillowstatic.com/fp/195aa8cd47727986118198b86261e8ea-uncropped_scaled_within_1536_1152.jpg, https://photos.zillowstatic.com/fp/b5e4009a899804203d4b5ef4bd2a1720-uncropped_scaled_within_1536_1152.jpg, https://photos.zillowstatic.com/fp/2d1fdb115090b70b0474e30e496db3a1-uncropped_scaled_within_1536_1152.jpg, https://photos.zillowstatic.com/fp/e63e67a4935898100c4d239faae8fdee-uncropped_scaled_within_1536_1152.jpg, https://photos.zillowstatic.com/fp/792a140f8d93250f9df8f60cca11255c-uncropped_scaled_within_1536_1152.jpg, https://photos.zillowstatic.com/fp/3bb82ddb39af05029f62658ac481d7c5-uncropped_scaled_within_1536_1152.jpg, https://photos.zillowstatic.com/fp/7ff2555a2c046c2fb3ac1a3a1314eeb3-uncropped_scaled_within_1536_1152.jpg, https://photos.zillowstatic.com/fp/11d1c7b5fc5b9db6136903670d35744d-uncropped_scaled_within_1536_1152.jpg",,,Active,,3,,718-763-4110,Bergen Basin,718-763-4110,,,SINGLE_FAMILY,1925,952,,sqft,"One Family Home Semi-Detached Move in Condition in Old Mill Basin. The home features 3 bedrooms, 1 3/4 bath and a full finished basement. Open concept living room and dining room, central air and heat, ceiling fans, kitchen (breakfast nook, granite counters, cherrywood cabinets and stainless steel appliances) with a door that leads to a nice back porch, hardwood/ tiled floors throughout the house, 1 full bath with a jacuzzi tub on the second floor, 3/4 bathroom in basement and has a backyard. Close to public transportation, shopping, schools, house of worships, playgrounds, and recreational areas. Owner is willing to hear all good offers. Come see for yourself before this home is sold!! Schedule a viewing today and make this house your home! This home will not last!",,
4.55E+08,https://www.zillow.com/homedetails/4914-Avenue-N-Brooklyn-NY-11234/454654429_zpid/,779888,USD,FOR_SALE,Signature Premier Properties,3,2,4914 Avenue N,Brooklyn,NY,4914 Avenue N,11234,40.618896,-73.9277,https://photos.zillowstatic.com/fp/f9e449a1a96131171f6e8b1596801b51-p_h.jpg,"https://photos.zillowstatic.com/fp/f9e449a1a96131171f6e8b1596801b51-uncropped_scaled_within_1536_1152.jpg, https://photos.zillowstatic.com/fp/1a0174f714d04e85b58eb50aa94ff179-uncropped_scaled_within_1536_1152.jpg, https://photos.zillowstatic.com/fp/f65b8c9fc4ca2a9a2f4c51c330565649-uncropped_scaled_within_1536_1152.jpg, https://photos.zillowstatic.com/fp/2578743d63d306193f7773aaca80ab10-uncropped_scaled_within_1536_1152.jpg, https://photos.zillowstatic.com/fp/6024eae63aa4bec0e50eaae38b6180a1-uncropped_scaled_within_1536_1152.jpg, https://photos.zillowstatic.com/fp/f0ccaf868b3961d5213f3e4810a8eba7-uncropped_scaled_within_1536_1152.jpg, https://photos.zillowstatic.com/fp/619f24b9d28c22d893d1819448ffbc1c-uncropped_scaled_within_1536_1152.jpg, https://photos.zillowstatic.com/fp/3595e766278fb4bfae24741cae602959-uncropped_scaled_within_1536_1152.jpg, https://photos.zillowstatic.com/fp/d7d31b0d197133010270add92a5e3386-uncropped_scaled_within_1536_1152.jpg, https://photos.zillowstatic.com/fp/141c89ef8d21cd26ccc7d3c9b65c174f-uncropped_scaled_within_1536_1152.jpg, https://photos.zillowstatic.com/fp/a32a5a1728cc4cbbaf5a26640ceaef90-uncropped_scaled_within_1536_1152.jpg, https://photos.zillowstatic.com/fp/109a3a99b8832dbdf7adcf20135a29eb-uncropped_scaled_within_1536_1152.jpg, https://photos.zillowstatic.com/fp/938184f641f256b2310c057d32ff4d47-uncropped_scaled_within_1536_1152.jpg, https://photos.zillowstatic.com/fp/735e94c516fbb26bf1d0c0c584722567-uncropped_scaled_within_1536_1152.jpg, https://photos.zillowstatic.com/fp/c0501c7032d4e4f04d5d3e177df312d4-uncropped_scaled_within_1536_1152.jpg, https://photos.zillowstatic.com/fp/ab1c7fd79065eb9533ab5a636f4c95d8-uncropped_scaled_within_1536_1152.jpg, https://photos.zillowstatic.com/fp/7348ac983afd46e61e076b5382b71f9d-uncropped_scaled_within_1536_1152.jpg, https://photos.zillowstatic.com/fp/0603d30d249be810e26412cf2734785d-uncropped_scaled_within_1536_1152.jpg, https://photos.zillowstatic.com/fp/df23d9e5313178d95b8cfdb749f942a2-uncropped_scaled_within_1536_1152.jpg, https://photos.zillowstatic.com/fp/25efe20baba1cebb4d63fadec75bf217-uncropped_scaled_within_1536_1152.jpg, https://photos.zillowstatic.com/fp/d37b2c69af947d4b07e1965a34fdf012-uncropped_scaled_within_1536_1152.jpg, https://photos.zillowstatic.com/fp/6960d2a97617592a9a002f27c158b131-uncropped_scaled_within_1536_1152.jpg, https://photos.zillowstatic.com/fp/fca706b42acc0bc959cfbd7b76fbcb79-uncropped_scaled_within_1536_1152.jpg, https://photos.zillowstatic.com/fp/462255a88ca65e6c87a31467db5a5ad3-uncropped_scaled_within_1536_1152.jpg, https://photos.zillowstatic.com/fp/77bb2b60a0d689a4e4afce185d6c76f7-uncropped_scaled_within_1536_1152.jpg, https://photos.zillowstatic.com/fp/e66217eb1a6271df801f2380d3b115fe-uncropped_scaled_within_1536_1152.jpg, https://photos.zillowstatic.com/fp/7ca157b795443d3ace335c4a9bc5b951-uncropped_scaled_within_1536_1152.jpg, https://photos.zillowstatic.com/fp/4f4f2a31a300e0b7ec888ad53bc51ba4-uncropped_scaled_within_1536_1152.jpg, https://photos.zillowstatic.com/fp/a3201a17d24744e21ad4897afed76c6e-uncropped_scaled_within_1536_1152.jpg, https://photos.zillowstatic.com/fp/58f700f124eadcd78cfd5309f13d3e70-uncropped_scaled_within_1536_1152.jpg, https://photos.zillowstatic.com/fp/593b4a5fd337257f257d1763a4a59cd3-uncropped_scaled_within_1536_1152.jpg, https://photos.zillowstatic.com/fp/4c2bdff76d5d8d065283ebe76f875a86-uncropped_scaled_within_1536_1152.jpg, https://photos.zillowstatic.com/fp/6fad284a6424197f31d4f56903f14452-uncropped_scaled_within_1536_1152.jpg, https://photos.zillowstatic.com/fp/216fa6320f63ce02dcdbbb643fe6caca-uncropped_scaled_within_1536_1152.jpg, https://photos.zillowstatic.com/fp/445a058abd927df5bc0dd368a3f3c748-uncropped_scaled_within_1536_1152.jpg, https://photos.zillowstatic.com/fp/8fe0f3b562f547277403c6951aeef1a4-uncropped_scaled_within_1536_1152.jpg, https://photos.zillowstatic.com/fp/61585fa358fa3e8a1e293228aa91f0db-uncropped_scaled_within_1536_1152.jpg, https://photos.zillowstatic.com/fp/172c5b5f5a20dfc501cba3f64e3c1f95-uncropped_scaled_within_1536_1152.jpg, https://photos.zillowstatic.com/fp/d2dd6cf5ed994eada8f929fe5217626f-uncropped_scaled_within_1536_1152.jpg",,,Active,,5,,917-816-0239,Marguerite Karamoshos,917-816-0239,mkaramoshos@signaturepremier.com,,SINGLE_FAMILY,1955,1600,,sqft,"Just Listed! Perfectly Renovated Single-Family Gem on Avenue M – Flatlands Welcome to your dream home! This fully renovated, sun-filled single-family residence in the heart of Flatlands is fresh on the market and move-in ready! Bright, airy, and beautifully updated throughout, this home checks every box. The first floor features an inviting open-concept layout with a spacious living room that’s drenched in natural light — perfect for entertaining or cozy nights in. You’ll find generously sized bedrooms with excellent closet space, a large family room, and a convenient laundry area. Enjoy the perks of a private driveway, garage, and a fantastic backyard — ideal for kids, weekend barbecues, or simply relaxing under the sky. Located just minutes from shopping, parks, schools, houses of worship, and multiple transit options to get you wherever you need to go with ease. This is an ideal starter home for any family — fresh, clean, and ready for your personal touch. A property this perfect won’t stay available for long… Call today and let’s make it yours!",,
30745552,https://www.zillow.com/homedetails/2213-E-14th-St-Brooklyn-NY-11229/30745552_zpid/,0,USD,FOR_SALE,Auction.com,,,2213 E 14th St,Brooklyn,NY,2213 E 14th St,11229,40.59651,-73.9566,https://photos.zillowstatic.com/fp/036815d955a7e6b386a94c3a645dbde3-p_h.jpg,"https://photos.zillowstatic.com/fp/036815d955a7e6b386a94c3a645dbde3-uncropped_scaled_within_1536_1152.jpg, https://photos.zillowstatic.com/fp/18f0150d2e131dfc61ace958eb8ab357-uncropped_scaled_within_1536_1152.jpg, https://photos.zillowstatic.com/fp/3daec9c9a282664098c33a340487b799-uncropped_scaled_within_1536_1152.jpg, https://photos.zillowstatic.com/fp/8b5e19eb15b9780d01326d070a9a4a8e-uncropped_scaled_within_1536_1152.jpg, https://photos.zillowstatic.com/fp/a9a423304a3189d86446807d16a30402-uncropped_scaled_within_1536_1152.jpg",773600,2596,,,6,73750001,800-793-6107,Auction.com Customer Service,800-793-6107,,,SINGLE_FAMILY,1925,792,2613.6,Square Feet,"Buy This Property on Auction.com.
 This foreclosure property offered by Auction.com may sell below market value.
 SAVE THIS PROPERTY NOW on Auction.com to receive alerts about auction dates and status changes.
 Auction.com is the nation's largest online real estate auction marketplace with over half-a-million properties sold.",,
4.46E+08,https://www.zillow.com/homedetails/66-Paerdegat-1st-St-Brooklyn-NY-11236/446338210_zpid/,685000,USD,FOR_SALE,Keller Williams Legendary,4,4,66 Paerdegat 1st Street,Brooklyn,NY,66 Paerdegat 1st Street,11236,40.633247,-73.9118,https://photos.zillowstatic.com/fp/bf4a1099b4bce74e2d0157379b0a65d5-p_h.jpg,https://photos.zillowstatic.com/fp/bf4a1099b4bce74e2d0157379b0a65d5-uncropped_scaled_within_1536_1152.jpg,,,,,6,80290026,516-328-8600,Janay D. Malloy SFR,,re@janaymalloy.com,,SINGLE_FAMILY,1970,1440,2600,Square Feet,"Charming & Spacious Home in Sought-After Paerdegat/Canarsie Area!
 
 Welcome to your dream home nestled in the highly desirable Paerdegat/Canarsie area of Brooklyn! Situated on a picturesque, tree-lined street, this property offers an exceptional blend of comfort, convenience, and potential. With a little TLC, this home could truly shine and become the perfect space for its future owners.
 
 Key Features:
 4 Bedrooms, 4 Bathrooms: Including a large primary suite ensuite full bathroom.
 Expansive Living Spaces: Enjoy a full living room, dining room, and a large eat-in kitchen—perfect for entertaining and family gatherings.
 Three Levels of Living: Includes a fully finished basement with its own bathroom and a separate outside entrance, ideal for guests or additional recreational space.
 Outdoor Amenities: A rear balcony off the first floor provides the perfect spot for relaxation or outdoor dining.
 Parking Convenience: Private driveway with an attached garage ensures easy parking.
 Prime Location:
 Residential Tranquility: Set on a quiet, tree-lined street with a friendly neighborhood vibe.
 Excellent Accessibility: Close to transportation options, shopping, and dining.
 Commuter-Friendly: Conveniently near the Belt Parkway for easy travel.
 This property is a rare gem, offering a spacious layout, unbeatable proximity to everything you need, and the opportunity to add your personal touch. With a little work, you can transform this house into the home of your dreams.
 
 Don’t miss out",,
30770677,https://www.zillow.com/homedetails/1160-E-89th-St-Brooklyn-NY-11236/30770677_zpid/,750000,USD,FOR_SALE,5 Boro Realty Corp,4,3,1160 E 89th St,Brooklyn,NY,1160 E 89th St,11236,40.635265,-73.9021,https://photos.zillowstatic.com/fp/5e881cd83ca0547183c03dfaa1f5bc1c-p_h.jpg,"https://photos.zillowstatic.com/fp/5e881cd83ca0547183c03dfaa1f5bc1c-uncropped_scaled_within_1536_1152.jpg, https://photos.zillowstatic.com/fp/51cb879e2e9819bbf51f0c55f9070d2b-uncropped_scaled_within_1536_1152.jpg, https://photos.zillowstatic.com/fp/af2e88beb469f5b0bf253cc8499ffed0-uncropped_scaled_within_1536_1152.jpg, https://photos.zillowstatic.com/fp/2d9dc02e370d18043ad741af08d707bb-uncropped_scaled_within_1536_1152.jpg, https://photos.zillowstatic.com/fp/55d5adb2bfe670881db9751bd86aec8d-uncropped_scaled_within_1536_1152.jpg, https://photos.zillowstatic.com/fp/f9d01cb382a7f3afe7af7471ad8b97a1-uncropped_scaled_within_1536_1152.jpg, https://photos.zillowstatic.com/fp/dbd103d194b960424b1739e765b62e62-uncropped_scaled_within_1536_1152.jpg, https://photos.zillowstatic.com/fp/db0cea72048ec7eda45fb65512c25f82-uncropped_scaled_within_1536_1152.jpg, https://photos.zillowstatic.com/fp/e1d33fff5da5f46bcb20f6cbd50a95a6-uncropped_scaled_within_1536_1152.jpg, https://photos.zillowstatic.com/fp/a5844fc51bd4e697c89f28340e3e3c57-uncropped_scaled_within_1536_1152.jpg, https://photos.zillowstatic.com/fp/c725f1adae49aa7a63e3a67d73e2b4a8-uncropped_scaled_within_1536_1152.jpg, https://photos.zillowstatic.com/fp/522c76ed81b13496f6f4901fbb51c880-uncropped_scaled_within_1536_1152.jpg, https://photos.zillowstatic.com/fp/fa8bc0d1dd805b90ece4ecfb1ab24ad3-uncropped_scaled_within_1536_1152.jpg, https://photos.zillowstatic.com/fp/95845e43efa41627c1d2775974d9682b-uncropped_scaled_within_1536_1152.jpg, https://photos.zillowstatic.com/fp/ac92ee10a17f9b699a5f564b16a601ba-uncropped_scaled_within_1536_1152.jpg, https://photos.zillowstatic.com/fp/be4ed580e799378b3a40bba38bc889e4-uncropped_scaled_within_1536_1152.jpg, https://photos.zillowstatic.com/fp/117d0b529bb26f84468c9270f82db387-uncropped_scaled_within_1536_1152.jpg, https://photos.zillowstatic.com/fp/ba41b0c426fe9b12c1d9a750485997ae-uncropped_scaled_within_1536_1152.jpg, https://photos.zillowstatic.com/fp/40f3ef430621d0b2fd3db5a55f627a3c-uncropped_scaled_within_1536_1152.jpg, https://photos.zillowstatic.com/fp/4bf7cffe0aaf58bcc80e723f41c186cb-uncropped_scaled_within_1536_1152.jpg, https://photos.zillowstatic.com/fp/63dbbd9f7bf87267e4f709d07d793704-uncropped_scaled_within_1536_1152.jpg, https://photos.zillowstatic.com/fp/c1101dd152b39f36f0c199fbcfd95444-uncropped_scaled_within_1536_1152.jpg, https://photos.zillowstatic.com/fp/07af131add9a22b630a50a2c9220d6b0-uncropped_scaled_within_1536_1152.jpg, https://photos.zillowstatic.com/fp/263c2dd4cc3fbe207b080962928ba0f5-uncropped_scaled_within_1536_1152.jpg, https://photos.zillowstatic.com/fp/75f3bb322c5725712c4b31954c59c422-uncropped_scaled_within_1536_1152.jpg, https://photos.zillowstatic.com/fp/f6cb39fd5adbc8659f6a8864da60585d-uncropped_scaled_within_1536_1152.jpg, https://photos.zillowstatic.com/fp/70309dd23d4be0030e4de7e371dd38e1-uncropped_scaled_within_1536_1152.jpg, https://photos.zillowstatic.com/fp/cf37e484b18868918d1faa471e2e20ed-uncropped_scaled_within_1536_1152.jpg, https://photos.zillowstatic.com/fp/724e97c9b56ddfc4aba267de38a75472-uncropped_scaled_within_1536_1152.jpg, https://photos.zillowstatic.com/fp/5cdc546f9cfb53b1d9a4be7bcce0f9b6-uncropped_scaled_within_1536_1152.jpg, https://photos.zillowstatic.com/fp/305fbe23e31d72e429a7f3f5b5eeb392-uncropped_scaled_within_1536_1152.jpg, https://photos.zillowstatic.com/fp/10cfd76da34f38af0b6358402afa564e-uncropped_scaled_within_1536_1152.jpg, https://photos.zillowstatic.com/fp/4b9f245bb14ea755bab55591760244b6-uncropped_scaled_within_1536_1152.jpg, https://photos.zillowstatic.com/fp/1b9101670f2192ff57495aacec667cdf-uncropped_scaled_within_1536_1152.jpg, https://photos.zillowstatic.com/fp/15e896820917042d848747e5698a6ee0-uncropped_scaled_within_1536_1152.jpg, https://photos.zillowstatic.com/fp/9879dcbbdaefdb90e39a3262ecf44d05-uncropped_scaled_within_1536_1152.jpg, https://photos.zillowstatic.com/fp/0585f9f4273e5dc190577d82580eaa74-uncropped_scaled_within_1536_1152.jpg, https://photos.zillowstatic.com/fp/be64424c07cefe03d2b7bc4a032a5a91-uncropped_scaled_within_1536_1152.jpg, https://photos.zillowstatic.com/fp/6dc5a13c9a646454c39cfdef1ca055b2-uncropped_scaled_within_1536_1152.jpg, https://photos.zillowstatic.com/fp/7b8413d9d607a33c427fed5e72b2abf1-uncropped_scaled_within_1536_1152.jpg, https://photos.zillowstatic.com/fp/9c70098a83029be5029fa9ae4ad75c29-uncropped_scaled_within_1536_1152.jpg",753500,3593,Active,,7,80540070,917-348-0177,Remon Kredi,917-348-0177,,,SINGLE_FAMILY,1930,1698,,sqft,"Beautifully Maintained Single-Family Home in Canarsie with Income Potential
 
 Welcome to this spacious and impeccably maintained single-family home, nestled in the heart of Canarsie. This updated property offers a perfect blend of comfort, functionality, and potential for rental income.
 
 Step into a huge living room featuring elegant hardwood floors that seamlessly flow into the formal dining room -perfect for entertaining. The first floor also boasts extra closet space, a convenient full bathroom, and a kitchen with durable porcelain flooring, along with a laundry/storage area.
 
 
 The modern kitchen is equipped with stainless steel appliances and offers access to a beautifully maintained backyard. The backyard features vinyl gates, brick fencing at the front of the house, a shed, and ample space to install an in-ground pool-ideal for summer gatherings. A shared driveway provides convenient off-street parking and easy access to the home. Additionally, a unique feature of this home is the rope in the basement, which provides a convenient stairway for easy access between the two levels.
 
 Upstairs, you'll find three spacious bedrooms with generous closet space, including a master suite with an en suite bathroom that adds extra convenience and privacy. The full bathroom upstairs is equipped with all the necessary amenities for comfort.
 
 The fully finished basement has its own separate side entrance, making it an excellent option for rental income or extended family living. It includes one bedroom, a large storage room, ample closet space, and a bathroom with a stand-up shower. This basement provides both privacy and functionality, making it a valuable asset to the home.
 
 Additional features include steel doors for enhanced security, a newer roof in excellent condition, full insulation throughout the home, and a layout that's been meticulously maintained and is move-in ready.
 
 This home truly checks all the boxes for comfortable living, offering ample space both inside and out. Don't miss this incredible opportunity in a desirable Canarsie location.",,
30636443,https://www.zillow.com/homedetails/57-Bulwer-Pl-Brooklyn-NY-11207/30636443_zpid/,700000,USD,FOR_SALE,Charles Rutenberg Realty Inc,2,2,57 Bulwer Place,Brooklyn,NY,57 Bulwer Place,11207,40.68324,-73.8944,https://photos.zillowstatic.com/fp/5ea314a4066e94a0c65821380c713627-p_h.jpg,"https://photos.zillowstatic.com/fp/5ea314a4066e94a0c65821380c713627-uncropped_scaled_within_1536_1152.jpg, https://photos.zillowstatic.com/fp/e73b9f3f9ba2cc7ddeeb2317376c1cc5-uncropped_scaled_within_1536_1152.jpg, https://photos.zillowstatic.com/fp/13381f72ecceb36ad65dd5729b425e26-uncropped_scaled_within_1536_1152.jpg, https://photos.zillowstatic.com/fp/76543b982d810ad27fcfa9337a635880-uncropped_scaled_within_1536_1152.jpg, https://photos.zillowstatic.com/fp/5156546a6c7e1f60cea6d61d34d9c01b-uncropped_scaled_within_1536_1152.jpg, https://photos.zillowstatic.com/fp/dbd2fe9c635e9a3fa17490f998f1b4ce-uncropped_scaled_within_1536_1152.jpg, https://photos.zillowstatic.com/fp/eec9de1096867e16b2c4fe15a175d7be-uncropped_scaled_within_1536_1152.jpg, https://photos.zillowstatic.com/fp/f56b2c282afc3171996174d42db98abd-uncropped_scaled_within_1536_1152.jpg, https://photos.zillowstatic.com/fp/d55a51a9bb7fb8b0d7394fbda3d4752e-uncropped_scaled_within_1536_1152.jpg, https://photos.zillowstatic.com/fp/14d63fcad58fdf61550d59d6e84d34d2-uncropped_scaled_within_1536_1152.jpg, https://photos.zillowstatic.com/fp/ae7a9828ec5c975f3fd48d83b02a8a13-uncropped_scaled_within_1536_1152.jpg, https://photos.zillowstatic.com/fp/b12d7e097cc9b2317dbc3ca138db87bd-uncropped_scaled_within_1536_1152.jpg, https://photos.zillowstatic.com/fp/9042931cbfefbc46d36fc4cee35b739c-uncropped_scaled_within_1536_1152.jpg, https://photos.zillowstatic.com/fp/5f05ccb34772fcdfd7a4edfb5a691757-uncropped_scaled_within_1536_1152.jpg, https://photos.zillowstatic.com/fp/7218ecb7809dc39b5f0fd0275aa92afc-uncropped_scaled_within_1536_1152.jpg, https://photos.zillowstatic.com/fp/55e3c9e8f86c0b97b3b28140c280a586-uncropped_scaled_within_1536_1152.jpg, https://photos.zillowstatic.com/fp/18805277dec18aa697f25028f38bfabf-uncropped_scaled_within_1536_1152.jpg, https://photos.zillowstatic.com/fp/99b7e6a1bebe3cdad1b24a4665cdfd63-uncropped_scaled_within_1536_1152.jpg, https://photos.zillowstatic.com/fp/743a031ba56e2b6ec0f9f4738d8c707d-uncropped_scaled_within_1536_1152.jpg, https://photos.zillowstatic.com/fp/9843267d35c49f33286e6719624a57fe-uncropped_scaled_within_1536_1152.jpg, https://photos.zillowstatic.com/fp/fa746f8e94612202493380d88b17bda8-uncropped_scaled_within_1536_1152.jpg, https://photos.zillowstatic.com/fp/b3d904a56530df50899cbc68811b8576-uncropped_scaled_within_1536_1152.jpg, https://photos.zillowstatic.com/fp/b4db290f6cbb7a61fdd327dfe08bafce-uncropped_scaled_within_1536_1152.jpg",,,,,8,38840301,516-575-7500,Joy Martinez,516-575-7500,joy.martinez@crrnys,"joy.martinez@crrnys.com, joy.martinez@crrnys.comshowing",SINGLE_FAMILY,1925,1150,2650,Square Feet,"This beautifully maintained single-family residence offers the perfect blend of comfort, space, and functionality. Nestled in a quiet, family-friendly neighborhood, this home features 2 spacious bedrooms,2 updated bathrooms, and a modern, open-concept kitchen that flows effortlessly into the living and dining area. An spacious backyard that has 3 garages for storage or car parking.",,
30758538,https://www.zillow.com/homedetails/1014-E-40th-St-Brooklyn-NY-11210/30758538_zpid/,0,USD,FOR_SALE,Auction.com,3,2,1014 E 40th St,Brooklyn,NY,1014 E 40th St,11210,40.63057,-73.9381,https://photos.zillowstatic.com/fp/8ed53cc0d5d54b8daf3c92fe3a71f57c-p_h.jpg,"https://photos.zillowstatic.com/fp/8ed53cc0d5d54b8daf3c92fe3a71f57c-uncropped_scaled_within_1536_1152.jpg, https://photos.zillowstatic.com/fp/dd47f1949ba1a9ea27a7bbcd13b8fd9c-uncropped_scaled_within_1536_1152.jpg, https://photos.zillowstatic.com/fp/cebda29feabe6b285230aec6a376d9aa-uncropped_scaled_within_1536_1152.jpg, https://photos.zillowstatic.com/fp/72173bf923371c50a71386f903570fcd-uncropped_scaled_within_1536_1152.jpg, https://photos.zillowstatic.com/fp/1e1cd57fa544f7fd7279f3dc60b50c81-uncropped_scaled_within_1536_1152.jpg, https://photos.zillowstatic.com/fp/a95322b1b892c3e5cb17fb407c306026-uncropped_scaled_within_1536_1152.jpg",793900,3815,,,8,77430076,800-793-6107,Auction.com Customer Service,800-793-6107,,,SINGLE_FAMILY,1910,1408,2178,Square Feet,"FIRST LOOK OPPORTUNITY.
 Owner-occupants, public entities, and non-profits can bid before investors.
 Auction starts 07-21-2025. First Look Period ends 08-06-2025.
 SAVE THIS PROPERTY NOW on Auction.com to receive important updates.
 Learn more: Auction.com/FirstLook",,
30794228,https://www.zillow.com/homedetails/102-Noel-Ave-Brooklyn-NY-11229/30794228_zpid/,788000,USD,FOR_SALE,Bergen Basin Realty LLC,2,2,102 Noel Ave,Brooklyn,NY,102 Noel Ave,11229,40.58891,-73.9245,https://photos.zillowstatic.com/fp/0ac3686b07259aafca6c6fb0a60c47e0-p_h.jpg,"https://photos.zillowstatic.com/fp/0ac3686b07259aafca6c6fb0a60c47e0-uncropped_scaled_within_1536_1152.jpg, https://photos.zillowstatic.com/fp/a2f8393fd3a73f2885fa96b0d7bfebca-uncropped_scaled_within_1536_1152.jpg, https://photos.zillowstatic.com/fp/8864fc625bd1cf8ed83225522a6663cd-uncropped_scaled_within_1536_1152.jpg, https://photos.zillowstatic.com/fp/2252dfdeb8ded89ebe801f46d6cf3b3e-uncropped_scaled_within_1536_1152.jpg, https://photos.zillowstatic.com/fp/5f24785891a067a263b0666d8adb6cc1-uncropped_scaled_within_1536_1152.jpg, https://photos.zillowstatic.com/fp/9bcb79cefb50e3412a25719cf63244c3-uncropped_scaled_within_1536_1152.jpg, https://photos.zillowstatic.com/fp/7990432487f39c67c990050dce65fba0-uncropped_scaled_within_1536_1152.jpg, https://photos.zillowstatic.com/fp/7218f61441c9a8e2b25a6686a18d76e9-uncropped_scaled_within_1536_1152.jpg, https://photos.zillowstatic.com/fp/51913970641b9174f7d0db5ae0067ebc-uncropped_scaled_within_1536_1152.jpg, https://photos.zillowstatic.com/fp/f53cfd47fed2d88681eb3e39bfed19b3-uncropped_scaled_within_1536_1152.jpg, https://photos.zillowstatic.com/fp/dc8de26de8049b8c4d52886ff1665c3c-uncropped_scaled_within_1536_1152.jpg, https://photos.zillowstatic.com/fp/e58673d3a8edd48f83a112648368fa0c-uncropped_scaled_within_1536_1152.jpg, https://photos.zillowstatic.com/fp/50cca14086007375121c3f0af5512822-uncropped_scaled_within_1536_1152.jpg, https://photos.zillowstatic.com/fp/d27ca33093dca161b1d68ba729ae057f-uncropped_scaled_within_1536_1152.jpg, https://photos.zillowstatic.com/fp/2c8505614b5b91b0917d11dd822343f2-uncropped_scaled_within_1536_1152.jpg, https://photos.zillowstatic.com/fp/4b795b362bb19dfcc3c5f6103faa5e90-uncropped_scaled_within_1536_1152.jpg, https://photos.zillowstatic.com/fp/a94fc4a8c903e22f08c1693d069dd923-uncropped_scaled_within_1536_1152.jpg, https://photos.zillowstatic.com/fp/dea119a75a9f6bd23becca5596c0fe84-uncropped_scaled_within_1536_1152.jpg, https://photos.zillowstatic.com/fp/84b7298f18b05f64a7f72d75d7a87d6c-uncropped_scaled_within_1536_1152.jpg, https://photos.zillowstatic.com/fp/0707d840a989c618bf4b659184a74f71-uncropped_scaled_within_1536_1152.jpg, https://photos.zillowstatic.com/fp/68c690fe51305b1bddb2af9db246c056-uncropped_scaled_within_1536_1152.jpg, https://photos.zillowstatic.com/fp/6fb3c01c75641db6b76a39403a1f6232-uncropped_scaled_within_1536_1152.jpg, https://photos.zillowstatic.com/fp/fd2ccdbbecf6617b1c035356bffc14cc-uncropped_scaled_within_1536_1152.jpg",766900,3627,,,8,89140548,718-763-4110,Christina Reizis,917-402-0280,,,SINGLE_FAMILY,1925,1255,1800,Square Feet,"Welcome to this Gerritsen Beach fully renovated beauty!! Newly raised two floor corner property with a brand new roof and brand new siding. Fully renovated smart home with radiant heat and ceramic tile floors on both floors. First floor features a huge kitchen, dining area, 1 bathroom, (1 bedroom removed to open up kitchen area and work space), laundry room which holds the boiler as well and a living room with cathedral ceilings. Kitchen is all new with appliances. Second floor Includes 2 bedrooms and 1 bathroom with a Mr. Steam shower. Master bedroom features 2 closets with one being a walk in. Second bedroom has 2 closets. Brand new ductless central air condition/ heating unit installed. House is raised and has 5 foot crawl space for storage. Newly cemented exterior floors of the yard. Comes with a shed for storage and a gazebo for the yard. Freshly done landscaping on the side of the house with stone finishes. New bow window's have been installed on the first floor. House has the potential to add a 3rd bedroom on the first floor. This is a perfect move in condition home to call your own with plenty of parking space around.",,
30769381,https://www.zillow.com/homedetails/8617-Avenue-J-Brooklyn-NY-11236/30769381_zpid/,729000,USD,FOR_SALE,Keller Williams Realty Liberty,4,2,8617 Avenue J,Brooklyn,NY,8617 Avenue J,11236,40.637207,-73.9068,https://photos.zillowstatic.com/fp/aa9a35ce467656eac773579db3a2d96c-p_h.jpg,"https://photos.zillowstatic.com/fp/aa9a35ce467656eac773579db3a2d96c-uncropped_scaled_within_1536_1152.jpg, https://photos.zillowstatic.com/fp/bdebfbe99910778c8f0373ea480a418b-uncropped_scaled_within_1536_1152.jpg, https://photos.zillowstatic.com/fp/2d170aca79ee85d6d5820fff3d14982b-uncropped_scaled_within_1536_1152.jpg, https://photos.zillowstatic.com/fp/34308830d12a0762f321284459014e6a-uncropped_scaled_within_1536_1152.jpg, https://photos.zillowstatic.com/fp/0538c2d678070a9d1c00c75db0f3e681-uncropped_scaled_within_1536_1152.jpg, https://photos.zillowstatic.com/fp/0c1640974ac0bd09c148075874ab2c98-uncropped_scaled_within_1536_1152.jpg, https://photos.zillowstatic.com/fp/0d1e299a56e5fc7eaf805529e295edd4-uncropped_scaled_within_1536_1152.jpg, https://photos.zillowstatic.com/fp/4ff73c598007e77c087a4b2624a557b1-uncropped_scaled_within_1536_1152.jpg, https://photos.zillowstatic.com/fp/f438fbc8ebacfe7be15d7c92e103419d-uncropped_scaled_within_1536_1152.jpg, https://photos.zillowstatic.com/fp/5ea407fd3e7707374375db5a2ff3d262-uncropped_scaled_within_1536_1152.jpg, https://photos.zillowstatic.com/fp/7109c1ed06b69e671a5dd7b969b26ad7-uncropped_scaled_within_1536_1152.jpg, https://photos.zillowstatic.com/fp/31f6ab19fd8716402525bca2cbb81075-uncropped_scaled_within_1536_1152.jpg, https://photos.zillowstatic.com/fp/bfe9854bb754fbd8f1c38186b27bf246-uncropped_scaled_within_1536_1152.jpg, https://photos.zillowstatic.com/fp/8cb32dbbd46362a93c06cb7d707275ee-uncropped_scaled_within_1536_1152.jpg, https://photos.zillowstatic.com/fp/b0d60276d279482d0a00fd67a748b973-uncropped_scaled_within_1536_1152.jpg, https://photos.zillowstatic.com/fp/9899248bc87702e6fc73dde4685629e7-uncropped_scaled_within_1536_1152.jpg, https://photos.zillowstatic.com/fp/3434a9496431a4af1bae5121d96e0d01-uncropped_scaled_within_1536_1152.jpg",,,,,9,80230003,718-848-4700,Vanessa DeLise,718-848-4700,vanessa.delise@kw.com,,SINGLE_FAMILY,1920,1488,,sqft,"Nestled on a tree-lined street in the heart of Canarsie, this charming single-family home blends classic Brooklyn appeal with modern comfort. Lovingly maintained, the home welcomes you from the moment you enter. You'll feel the warm, natural light flood the spacious interior, showcasing cozy carpeted floors and smartly laid-out living spaces. With four bedrooms and two full baths, it's a perfect family home—or an astute investment for rental or multi generational family living, thanks to the fully finished basement. Equipped with Solar panels to reduce electric bills.
 Lovely private backyard oasis—ample enough for weekend barbecue get-togethers, summertime lounging or pets to roam freely.
 Beyond the home’s walls, you’ll find the best of Canarsie —friendly sidewalks, nearby parks like Seaview Park and Canarsie Pier, plentiful shopping, local eateries, places of worship, and convenient access to the L train at Rockaway Parkway just minutes away.",,
30632251,https://www.zillow.com/homedetails/195-Chester-St-Brooklyn-NY-11212/30632251_zpid/,0,USD,FOR_SALE,Auction.com,2,2,195 Chester St,Brooklyn,NY,195 Chester St,11212,40.666943,-73.9107,https://photos.zillowstatic.com/fp/be493b2dfa76cd63ccc5cb55578f215b-p_h.jpg,"https://photos.zillowstatic.com/fp/be493b2dfa76cd63ccc5cb55578f215b-uncropped_scaled_within_1536_1152.jpg, https://photos.zillowstatic.com/fp/00bd1c5430281d9d99840e96040900f3-uncropped_scaled_within_1536_1152.jpg, https://photos.zillowstatic.com/fp/ac9e9a8d1268450974f989e668d3afb2-uncropped_scaled_within_1536_1152.jpg, https://photos.zillowstatic.com/fp/4223977d6983ae1927db850da7723b52-uncropped_scaled_within_1536_1152.jpg, https://photos.zillowstatic.com/fp/99e328c76617ba74221581a8551bf7fd-uncropped_scaled_within_1536_1152.jpg, https://photos.zillowstatic.com/fp/6fd2fa5e716a8a1cd8caaf625949e1ed-uncropped_scaled_within_1536_1152.jpg, https://photos.zillowstatic.com/fp/435c0c81b7843a84c2340d133e30d17c-uncropped_scaled_within_1536_1152.jpg, https://photos.zillowstatic.com/fp/c2c09fa70b93ff80bd67d55c3b1e0594-uncropped_scaled_within_1536_1152.jpg, https://photos.zillowstatic.com/fp/e0dde66ef494542c43e030716b7adfce-uncropped_scaled_within_1536_1152.jpg, https://photos.zillowstatic.com/fp/819d56bfec399c3af89ec1bfcc5bf410-uncropped_scaled_within_1536_1152.jpg",650200,3537,,,9,35430024,800-793-6107,Auction.com Customer Service,800-793-6107,,,SINGLE_FAMILY,1987,1148,2178,Square Feet,"Buy This Property on Auction.com.
 This foreclosure property offered by Auction.com may sell below market value.
 SAVE THIS PROPERTY NOW on Auction.com to receive alerts about auction dates and status changes.
 Auction.com is the nation's largest online real estate auction marketplace with over half-a-million properties sold.",,
30793997,https://www.zillow.com/homedetails/42-Canton-Ct-Brooklyn-NY-11229/30793997_zpid/,0,USD,FOR_SALE,Auction.com,6,3,42 Canton Ct,Brooklyn,NY,42 Canton Ct,11229,40.58789,-73.9212,https://photos.zillowstatic.com/fp/e0a58ca4e812c6ddb957f3702cc5236a-p_h.jpg,"https://photos.zillowstatic.com/fp/e0a58ca4e812c6ddb957f3702cc5236a-uncropped_scaled_within_1536_1152.jpg, https://photos.zillowstatic.com/fp/9b4c1bc107d3f70962470135237f64bb-uncropped_scaled_within_1536_1152.jpg",702200,3784,,,9,89000994,800-793-6107,Auction.com Customer Service,800-793-6107,,,SINGLE_FAMILY,1925,1080,1742.4,Square Feet,"Buy This Property on Auction.com.
 This foreclosure property offered by Auction.com may sell below market value.
 SAVE THIS PROPERTY NOW on Auction.com to receive alerts about auction dates and status changes.
 Auction.com is the nation's largest online real estate auction marketplace with over half-a-million properties sold.",,
30644060,https://www.zillow.com/homedetails/351-Autumn-Ave-Brooklyn-NY-11208/30644060_zpid/,729000,USD,FOR_SALE,Century 21 Monticello Realty,3,3,351 Autumn Avenue,Brooklyn,NY,351 Autumn Avenue,11208,40.681393,-73.8693,https://photos.zillowstatic.com/fp/517703cca21002c6cf5ab238bfac3552-p_h.jpg,"https://photos.zillowstatic.com/fp/517703cca21002c6cf5ab238bfac3552-uncropped_scaled_within_1536_1152.jpg, https://photos.zillowstatic.com/fp/c6086865ab5dc1902456f11609ab160a-uncropped_scaled_within_1536_1152.jpg, https://photos.zillowstatic.com/fp/fcbc8ce532f2ee4151206b70ed26d39f-uncropped_scaled_within_1536_1152.jpg, https://photos.zillowstatic.com/fp/1399503014600642787e83ff0c5c1519-uncropped_scaled_within_1536_1152.jpg, https://photos.zillowstatic.com/fp/50d12e9376556c9aeec3ec1181162711-uncropped_scaled_within_1536_1152.jpg, https://photos.zillowstatic.com/fp/66672f3d18a1685709e518e5ad894c65-uncropped_scaled_within_1536_1152.jpg, https://photos.zillowstatic.com/fp/eea096b32f72b3d1b67b3cff4d3c5283-uncropped_scaled_within_1536_1152.jpg, https://photos.zillowstatic.com/fp/efd0915a10f3a4eac7145b81676cbb52-uncropped_scaled_within_1536_1152.jpg, https://photos.zillowstatic.com/fp/a60c988bc4fd60fb93c4ec0c62b3bdc5-uncropped_scaled_within_1536_1152.jpg, https://photos.zillowstatic.com/fp/2932e0a59fb1bd4f957968a07e58bca8-uncropped_scaled_within_1536_1152.jpg, https://photos.zillowstatic.com/fp/be1faa04951f52df2ef746b45b434b6b-uncropped_scaled_within_1536_1152.jpg, https://photos.zillowstatic.com/fp/a9a67fc1d7fc290819c6411203932fe2-uncropped_scaled_within_1536_1152.jpg, https://photos.zillowstatic.com/fp/f9dd3fc994119864d0436435a3d859bd-uncropped_scaled_within_1536_1152.jpg, https://photos.zillowstatic.com/fp/47a106088cc1e27018510aab6d4f7ba9-uncropped_scaled_within_1536_1152.jpg, https://photos.zillowstatic.com/fp/791e693cfa901c45c7f48a828d03a67f-uncropped_scaled_within_1536_1152.jpg, https://photos.zillowstatic.com/fp/1a5d2a8f51e4ddf8df23cb6945029596-uncropped_scaled_within_1536_1152.jpg, https://photos.zillowstatic.com/fp/614b78ebd576c1eac9dcaaa401a17b7d-uncropped_scaled_within_1536_1152.jpg, https://photos.zillowstatic.com/fp/2b8236cfbcdbebc62cc78e34c1beb3aa-uncropped_scaled_within_1536_1152.jpg, https://photos.zillowstatic.com/fp/c07f0512c8b97563255938c9ca1705bc-uncropped_scaled_within_1536_1152.jpg, https://photos.zillowstatic.com/fp/8f5bfe0bf0ff5634a2976a29f6b876d9-uncropped_scaled_within_1536_1152.jpg, https://photos.zillowstatic.com/fp/de977976f6c24df92b1e542bf481746f-uncropped_scaled_within_1536_1152.jpg",,,,,9,41720021,718-804-5757,John Chetram,917-570-9532,john@monticelloreg.com,info@monticelloreg.com,SINGLE_FAMILY,1910,1102,1812,Square Feet,"Welcome to this charming one-family home in the heart of Cypress Hills, a neighborhood that borders Woodhaven and Ozone Park in Queens. This home features three bedrooms and three bathrooms, a finished basement with a bilco door, and a brick exterior. The home is conveniently located close to schools, shopping, and public transit, with easy access to the J and A lines to the city. The home has a lot size of 1,812 square feet and was built in 1910. This home is a great opportunity for anyone looking for a cozy and affordable place to call their own in Brooklyn. Don't miss this chance to see it for yourself!",,
30744138,https://www.zillow.com/homedetails/2037-Ford-St-Brooklyn-NY-11229/30744138_zpid/,788000,USD,FOR_SALE,Berkshire Hathaway HomeServices Fillmore Real Estate,3,2,2037 Ford St,Brooklyn,NY,2037 Ford St,11229,40.602146,-73.9381,https://photos.zillowstatic.com/fp/31165e694f2dd769583d6896ca54fa00-p_h.jpg,"https://photos.zillowstatic.com/fp/31165e694f2dd769583d6896ca54fa00-uncropped_scaled_within_1536_1152.jpg, https://photos.zillowstatic.com/fp/a999d75c617eac87106bcae4aed7e32d-uncropped_scaled_within_1536_1152.jpg, https://photos.zillowstatic.com/fp/fa52d3b379011106b63c1ccee8831b93-uncropped_scaled_within_1536_1152.jpg, https://photos.zillowstatic.com/fp/7f31f2a37d557dad6154c61ab6d96bdf-uncropped_scaled_within_1536_1152.jpg, https://photos.zillowstatic.com/fp/abc93ee2dbe300d51d3542de3a758ee6-uncropped_scaled_within_1536_1152.jpg, https://photos.zillowstatic.com/fp/5e9203076f2e9777b88db8581bcb107f-uncropped_scaled_within_1536_1152.jpg, https://photos.zillowstatic.com/fp/6a8de915d84278723574947cfd59db16-uncropped_scaled_within_1536_1152.jpg, https://photos.zillowstatic.com/fp/55fc46ad1b1e504649fb6e4f6d7a7eb2-uncropped_scaled_within_1536_1152.jpg, https://photos.zillowstatic.com/fp/b7973184e7d00c5249fb04fb3616610d-uncropped_scaled_within_1536_1152.jpg, https://photos.zillowstatic.com/fp/bee59cdab92dac2702625461d29970fa-uncropped_scaled_within_1536_1152.jpg, https://photos.zillowstatic.com/fp/5b163e4ae497976be7b01e8d2485884a-uncropped_scaled_within_1536_1152.jpg, https://photos.zillowstatic.com/fp/a9d4dbd3e33dfd801ecccccc3cf1c307-uncropped_scaled_within_1536_1152.jpg, https://photos.zillowstatic.com/fp/1fcc7dc83e4cb097d8823b2759a9c318-uncropped_scaled_within_1536_1152.jpg, https://photos.zillowstatic.com/fp/928a404a4cd96973b58be92a38e95a94-uncropped_scaled_within_1536_1152.jpg, https://photos.zillowstatic.com/fp/a6162e5c047c24f938439d8de1fe2abd-uncropped_scaled_within_1536_1152.jpg",785800,3318,Active,,9,73390067,917-541-4142,Lucy Ciocia,917-541-4142,lucyciocia@bhhsfillmore.com,,SINGLE_FAMILY,1930,1224,,sqft,"Welcome to this solid brick 3-bedroom duplex nestled in the heart of Madison, just moments from Marine Park and the vibrant shops and restaurants along Avenue U. This well-maintained home offers comfortable, convenient living in one of Brooklyn’s most desirable neighborhoods.
 
 The second floor features three bright bedrooms and an updated full bathroom. The main level boasts a spacious living and dining area, perfect for relaxing or entertaining. The semi-finished basement provides flexible space for a home office, playroom, or additional living area.
 
 Additional highlights include a community driveway with a private 1-car garage, ensuring easy parking, and a low-maintenance brick exterior. This home is in move-in condition.
 
 Located close to major bus routes, parks, schools, and shopping, this is an ideal opportunity for homeowners or investors alike.",,
30758504,https://www.zillow.com/homedetails/1065-E-39th-St-Brooklyn-NY-11210/30758504_zpid/,795000,USD,FOR_SALE,Compass,4,2,1065 E 39th St,Brooklyn,NY,1065 E 39th St,11210,40.630936,-73.9385,https://photos.zillowstatic.com/fp/33ae3f3715017c2c9e3f09a1e5fc7c96-p_h.jpg,"https://photos.zillowstatic.com/fp/33ae3f3715017c2c9e3f09a1e5fc7c96-uncropped_scaled_within_1536_1152.jpg, https://photos.zillowstatic.com/fp/5c7e5cf4c1f41088f9c04733910f2198-uncropped_scaled_within_1536_1152.jpg, https://photos.zillowstatic.com/fp/925cf20d624131c9a44ada4ad45bd527-uncropped_scaled_within_1536_1152.jpg, https://photos.zillowstatic.com/fp/5a268b6aac4e0779c4c8afe32945e0fc-uncropped_scaled_within_1536_1152.jpg, https://photos.zillowstatic.com/fp/84c21e5d691813b3f4aa4ecb47133cfb-uncropped_scaled_within_1536_1152.jpg, https://photos.zillowstatic.com/fp/7daea096127a5a1bbeb23c3da92af4a4-uncropped_scaled_within_1536_1152.jpg, https://photos.zillowstatic.com/fp/32a08d4f0ce602ab6d45e5757affe92b-uncropped_scaled_within_1536_1152.jpg, https://photos.zillowstatic.com/fp/3640cef24c8aba8de0d6f38526d74bbb-uncropped_scaled_within_1536_1152.jpg, https://photos.zillowstatic.com/fp/582b4db62d25e5f5cd65ecf2d3f9d009-uncropped_scaled_within_1536_1152.jpg, https://photos.zillowstatic.com/fp/70b1d91775f8748b8529d3137e4a70c3-uncropped_scaled_within_1536_1152.jpg, https://photos.zillowstatic.com/fp/d76fba5bb4b6f643d6826b4a80e1fbc3-uncropped_scaled_within_1536_1152.jpg, https://photos.zillowstatic.com/fp/bfd120b74e3d056053d4b30f5485c558-uncropped_scaled_within_1536_1152.jpg, https://photos.zillowstatic.com/fp/83c19bfe02622b139e87d32fd608e501-uncropped_scaled_within_1536_1152.jpg, https://photos.zillowstatic.com/fp/b8cdba51a6a3213667e74262fe0fd556-uncropped_scaled_within_1536_1152.jpg, https://photos.zillowstatic.com/fp/0b3a0f6d36af941e8c385b656cc8ea84-uncropped_scaled_within_1536_1152.jpg",813800,4375,Active,,9,77430023,518-859-3056,Kristen Jock,518-859-3056,kristen.jock@compass.com,"gene.keyser@compass.com, kashif.khan@compass.com, info@elikarealestate.com",SINGLE_FAMILY,1910,2145,,sqft,"Located on a quiet cul-de-sac just beside Amersfort Park, this semi-detached single-family home offers over 2,000 SF of space, light, and versatility that city dwellers crave—with the added bonus of a backyard and private parking.
 
 Spanning four levels, the home features hardwood floors, high ceilings, and abundant storage throughout. The main level offers a comfortable flow between the living room, formal dining room, and eat-in kitchen, with a bright sunroom that adds charm and flexibility to the layout. Upstairs, three spacious bedrooms support rest and privacy, while the finished attic serves beautifully as a fourth bedroom, playroom, or creative space with additional storage.
 
 The fully finished basement includes a full bathroom, kitchenette, and a separate entrance—ideal for recreation, a home gym, guest space, or other personal use.
 
 Outdoors, enjoy a private backyard and a shared driveway with a detached garage. Convenient to nearby amenities along Flatbush Avenue and Kings Highway, Brooklyn College, and the 2/5 train lines, this is a welcoming home in a quiet, connected corner of East Flatbush.",,
30766500,https://www.zillow.com/homedetails/5517-Whitty-Ln-Brooklyn-NY-11203/30766500_zpid/,675000,USD,FOR_SALE,Shore Line Realty Group Corp,3,2,5517 Whitty Lane,Brooklyn,NY,5517 Whitty Lane,11203,40.6406,-73.925,https://photos.zillowstatic.com/fp/93259454829c1cfa9a9edff214171e25-p_h.jpg,"https://photos.zillowstatic.com/fp/93259454829c1cfa9a9edff214171e25-uncropped_scaled_within_1536_1152.jpg, https://photos.zillowstatic.com/fp/031bccc31041edcf1b2417648199f330-uncropped_scaled_within_1536_1152.jpg, https://photos.zillowstatic.com/fp/217c6e479ff63eb4bb4bd43a466ad993-uncropped_scaled_within_1536_1152.jpg, https://photos.zillowstatic.com/fp/ca617821a7bfbbe277071cae7accfba6-uncropped_scaled_within_1536_1152.jpg, https://photos.zillowstatic.com/fp/3be1a744864d076741cc339d9f5d5d3e-uncropped_scaled_within_1536_1152.jpg, https://photos.zillowstatic.com/fp/617cd8a21edb6de9e2be470bab91f832-uncropped_scaled_within_1536_1152.jpg, https://photos.zillowstatic.com/fp/679bb835d87c455881240d9a14ee2a02-uncropped_scaled_within_1536_1152.jpg",,,,,12,79300123,516-650-5394,Binta Cherian,917-557-9355,,,SINGLE_FAMILY,1940,1710,1710,Square Feet,"This beautiful home is featured with 3 bedroom 2 and half baths. living room, dining room, attached car garage. must see.",,
30759915,https://www.zillow.com/homedetails/4584-Kings-Hwy-Brooklyn-NY-11234/30759915_zpid/,825000,USD,FOR_SALE,The Turner Realty Group Inc.,3,2,4584 Kings Hwy,Brooklyn,NY,4584 Kings Hwy,11234,40.62956,-73.9322,https://photos.zillowstatic.com/fp/10b3ca83e9e181fe8ce40c56135672a3-p_h.jpg,https://photos.zillowstatic.com/fp/10b3ca83e9e181fe8ce40c56135672a3-uncropped_scaled_within_1536_1152.jpg,670100,3621,Active,,12,77710155,917-362-9124,Cherry David,917-362-9124,,,SINGLE_FAMILY,1945,,,sqft,"Solid Brick 3 bedroom Duplex 
 Full Basement with separate entrance. Parking garage and separate backyard. Quiet Treelined block. Shown by appointment",,
30640487,https://www.zillow.com/homedetails/524-Schenck-Ave-Brooklyn-NY-11207/30640487_zpid/,675000,USD,FOR_SALE,Remax Real Estate Professionals,3,2,524 Schenck Ave,Brooklyn,NY,524 Schenck Ave,11207,40.66768,-73.8875,https://photos.zillowstatic.com/fp/1cd610c5d0e02c694882baf37854235a-p_h.jpg,"https://photos.zillowstatic.com/fp/1cd610c5d0e02c694882baf37854235a-uncropped_scaled_within_1536_1152.jpg, https://photos.zillowstatic.com/fp/face6ed9fea513a3534129c6326d6893-uncropped_scaled_within_1536_1152.jpg, https://photos.zillowstatic.com/fp/66be36c3fa8155755447e46f4c124b68-uncropped_scaled_within_1536_1152.jpg, https://photos.zillowstatic.com/fp/c10c507c77f64699c1145e33704295cb-uncropped_scaled_within_1536_1152.jpg, https://photos.zillowstatic.com/fp/6df3a462c2572a8cdb17aeeddeca7b1c-uncropped_scaled_within_1536_1152.jpg, https://photos.zillowstatic.com/fp/5bb12f591985747dea1e0c7596c6344d-uncropped_scaled_within_1536_1152.jpg, https://photos.zillowstatic.com/fp/c41fc89053509416fa9ff1d10e109724-uncropped_scaled_within_1536_1152.jpg, https://photos.zillowstatic.com/fp/fca65928c6558888df5175b3552bec73-uncropped_scaled_within_1536_1152.jpg, https://photos.zillowstatic.com/fp/661d5b4b8c6c5705cf8f0b71ec836450-uncropped_scaled_within_1536_1152.jpg, https://photos.zillowstatic.com/fp/9967118c0a900a1edc1eafd00342c54e-uncropped_scaled_within_1536_1152.jpg, https://photos.zillowstatic.com/fp/f336212a19f06377c45811cd45db8781-uncropped_scaled_within_1536_1152.jpg, https://photos.zillowstatic.com/fp/776cf48edb9d3a2fd490e613f9b751fe-uncropped_scaled_within_1536_1152.jpg, https://photos.zillowstatic.com/fp/a63b1008a4d954f9fe7cfcdcac1209b6-uncropped_scaled_within_1536_1152.jpg, https://photos.zillowstatic.com/fp/98c6cd5fd0b9afaca80b7ce36e074faa-uncropped_scaled_within_1536_1152.jpg, https://photos.zillowstatic.com/fp/38261797bf8ef871df6ed437237eee4e-uncropped_scaled_within_1536_1152.jpg, https://photos.zillowstatic.com/fp/1ad06fa321ddecb0bffeea9879ea8dca-uncropped_scaled_within_1536_1152.jpg, https://photos.zillowstatic.com/fp/d5c3b3a3ad5171dbd34ba2428f52c1a8-uncropped_scaled_within_1536_1152.jpg, https://photos.zillowstatic.com/fp/aadec8b51ac746e322d26e77d20a63e0-uncropped_scaled_within_1536_1152.jpg, https://photos.zillowstatic.com/fp/97f4937ce2f8f30e4f14f995bda34086-uncropped_scaled_within_1536_1152.jpg, https://photos.zillowstatic.com/fp/67eef8ef72b8e793a6f419f38d702cd8-uncropped_scaled_within_1536_1152.jpg, https://photos.zillowstatic.com/fp/3eb164b86a646df628058cab3cb62a19-uncropped_scaled_within_1536_1152.jpg, https://photos.zillowstatic.com/fp/c80f32091212b7e8f32de505bfaaaecb-uncropped_scaled_within_1536_1152.jpg, https://photos.zillowstatic.com/fp/836686d8d21f614361be4abc3697641b-uncropped_scaled_within_1536_1152.jpg, https://photos.zillowstatic.com/fp/99cafbde99e8d073a56fabf9f3bb96d2-uncropped_scaled_within_1536_1152.jpg, https://photos.zillowstatic.com/fp/352bdd618b6fe58df7b645d4a4303688-uncropped_scaled_within_1536_1152.jpg, https://photos.zillowstatic.com/fp/1b1e54fc11c5a4e8adb9837972cfc5e1-uncropped_scaled_within_1536_1152.jpg, https://photos.zillowstatic.com/fp/4fd12f78e5212fde859706bb973f94be-uncropped_scaled_within_1536_1152.jpg, https://photos.zillowstatic.com/fp/fe5d2bd86251ced3a469c76f5051d6cf-uncropped_scaled_within_1536_1152.jpg, https://photos.zillowstatic.com/fp/bae4244d6a1327a9e193adabda54867f-uncropped_scaled_within_1536_1152.jpg, https://photos.zillowstatic.com/fp/7d771e78835616c65fff94ede8887be5-uncropped_scaled_within_1536_1152.jpg, https://photos.zillowstatic.com/fp/0df9d2df359c9ec153d2f52db9a29474-uncropped_scaled_within_1536_1152.jpg, https://photos.zillowstatic.com/fp/220a4a05eb5685c99b16be805381f728-uncropped_scaled_within_1536_1152.jpg",687500,3677,Active,,13,40590151,347-235-3563,Adargisa Cruz-Medina,347-235-3563,,,SINGLE_FAMILY,1992,1116,,sqft,"JUST LISTED! This freshly updated 3-bedroom home in East New York features a private driveway for 3 cars and, a spacious back and front yard. A beautiful modern kitchen and finished basement that is ideal for extra space. Enjoy a bright living room, and dining area, with 1.5 baths. Conveniently located near schools, parks, bodegas, key food, Food Bazaar, and community centers. Public transit bus lines are, B15, B20, and B83 along Linden Blvd Subway lines are L, 2,3, and LLRR along Van Siclen Ave. This is the perfect house for first-time home buyers or someone looking to downsize. Come and take a look at this beautiful semi-detached house.",,
30743875,https://www.zillow.com/homedetails/2042-Haring-St-Brooklyn-NY-11229/30743875_zpid/,818000,USD,FOR_SALE,MadisonEstates Sothebys Realty,3,2,2042 Haring St,Brooklyn,NY,2042 Haring St,11229,40.601704,-73.9414,https://photos.zillowstatic.com/fp/90c245fbe4922761031a806854d759bc-p_h.jpg,"https://photos.zillowstatic.com/fp/90c245fbe4922761031a806854d759bc-uncropped_scaled_within_1536_1152.jpg, https://photos.zillowstatic.com/fp/335cd42d1a56f1bd94b9a7dbf8ce9660-uncropped_scaled_within_1536_1152.jpg, https://photos.zillowstatic.com/fp/97f467eb803383bedc98e08ed1fe7f5b-uncropped_scaled_within_1536_1152.jpg, https://photos.zillowstatic.com/fp/5bbea0d032186143b3d89c0acffbd11c-uncropped_scaled_within_1536_1152.jpg, https://photos.zillowstatic.com/fp/63d5f6c8ca178ded8cac1977c9580d1b-uncropped_scaled_within_1536_1152.jpg, https://photos.zillowstatic.com/fp/c121611687ee8b77331fc9fa2753e8f5-uncropped_scaled_within_1536_1152.jpg, https://photos.zillowstatic.com/fp/eff83a7c47c692f13131629b026f769e-uncropped_scaled_within_1536_1152.jpg, https://photos.zillowstatic.com/fp/ca2e93efc1e9b245fef0f52158bf274d-uncropped_scaled_within_1536_1152.jpg, https://photos.zillowstatic.com/fp/8a79e83dd9d931c346fc0d3a3280f727-uncropped_scaled_within_1536_1152.jpg, https://photos.zillowstatic.com/fp/7f4484eef20f8ca61a09ae72514f129a-uncropped_scaled_within_1536_1152.jpg, https://photos.zillowstatic.com/fp/575a48be9dff47ef748225cdca6fa3a6-uncropped_scaled_within_1536_1152.jpg, https://photos.zillowstatic.com/fp/1c39f7975cd8002c999dd82e10f48a38-uncropped_scaled_within_1536_1152.jpg, https://photos.zillowstatic.com/fp/117deccd6d2eb08e2880984ef4b8cfbb-uncropped_scaled_within_1536_1152.jpg, https://photos.zillowstatic.com/fp/7aa87d6a1cb9221879c38fb60b566262-uncropped_scaled_within_1536_1152.jpg, https://photos.zillowstatic.com/fp/41b259c1c1a19905db65941f53b39b7f-uncropped_scaled_within_1536_1152.jpg, https://photos.zillowstatic.com/fp/27bcaee28d56672356e53016cf613457-uncropped_scaled_within_1536_1152.jpg, https://photos.zillowstatic.com/fp/40276cdb9aa0d232abffa6f5ed16491b-uncropped_scaled_within_1536_1152.jpg, https://photos.zillowstatic.com/fp/d62cf9f33960cbdf5bf5e960c03cf574-uncropped_scaled_within_1536_1152.jpg, https://photos.zillowstatic.com/fp/8c0ee303f76f27857392e65a3dab51d6-uncropped_scaled_within_1536_1152.jpg, https://photos.zillowstatic.com/fp/801a24fcc6abe91c30e0f45a132fd705-uncropped_scaled_within_1536_1152.jpg",806000,3096,,,14,73350034,718-645-1665,Julianne Calisto,646-621-6572,,,SINGLE_FAMILY,1945,1160,1785,Square Feet,"Discover the possibilities in this 3-Bedroom, 1.5-Bath Attached Brick Duplex located in the sought-after Marine Park/Madison area. Measuring 17' x 32', this home offers solid bones and a classic layout, featuring hardwood floors throughout and a full unfinished basement ready to be transformed. With a little TLC, this property presents a great opportunity to add your personal touch and value. Whether you're a homeowner looking to customize or an investor seeking potential, this is a home you won’t want to miss. Ideally located near houses of worship, shopping, and public transportation, you'll enjoy convenience and community.",,